Protein_Change	Original_Group	New_Group
p.Leu49Phe	Nonpolar	Aromatic
p.Arg258Cys	Basic	Polar
p.Ala195Ser	Nonpolar	Polar
p.Glu82Val	Acidic	Nonpolar
p.Leu688Arg	Nonpolar	Basic
p.Ala126Ser	Nonpolar	Polar
p.Thr479Ala	Polar	Nonpolar
p.Met290Thr	Nonpolar	Polar
p.Ser277Leu	Polar	Nonpolar
p.Val211Glu	Nonpolar	Acidic
p.Glu171Lys	Acidic	Basic
p.Phe212Leu	Aromatic	Nonpolar
p.Ser417Ile	Polar	Nonpolar
p.Ser131Tyr	Polar	Aromatic
p.Pro240Leu	Nonpolar	Nonpolar
p.Thr216Lys	Polar	Basic
p.Arg146Ser	Basic	Polar
p.Arg128His	Basic	Basic
p.Lys5Glu	Basic	Acidic
p.Met88Ile	Nonpolar	Nonpolar
p.Gly47Asp	Nonpolar	Acidic
p.Gly81Cys	Nonpolar	Polar
p.Gly81Val	Nonpolar	Nonpolar
p.Ser1338Pro	Polar	Nonpolar
p.Val237Ile	Nonpolar	Nonpolar
p.Ala19Pro	Nonpolar	Nonpolar
p.Glu235Lys	Acidic	Basic
p.Val513Phe	Nonpolar	Aromatic
p.Gly927Ser	Nonpolar	Polar
p.Arg407Leu	Basic	Nonpolar
p.Arg363Met	Basic	Nonpolar
p.Arg312Trp	Basic	Aromatic
p.Asp179Tyr	Acidic	Aromatic
p.Gly17Val	Nonpolar	Nonpolar
p.Val245Ala	Nonpolar	Nonpolar
p.Leu54Ile	Nonpolar	Nonpolar
p.Lys401Arg	Basic	Basic
p.Gly25Cys	Nonpolar	Polar
p.Ser93Pro	Polar	Nonpolar
p.Pro961Ser	Nonpolar	Polar
p.Arg137Leu	Basic	Nonpolar
p.Arg286Cys	Basic	Polar
p.Glu457Lys	Acidic	Basic
p.Leu217Phe	Nonpolar	Aromatic
p.Pro296Leu	Nonpolar	Nonpolar
p.Asp817Tyr	Acidic	Aromatic
p.Asn359Tyr	Polar	Aromatic
p.Asp133Asn	Acidic	Polar
p.Leu114Met	Nonpolar	Nonpolar
p.Asp94Gly	Acidic	Nonpolar
p.Ser29Leu	Polar	Nonpolar
p.Asp398Tyr	Acidic	Aromatic
p.Arg413His	Basic	Basic
p.Lys888Ile	Basic	Nonpolar
p.Gly428Ser	Nonpolar	Polar
p.Ala92Thr	Nonpolar	Polar
p.Phe269Val	Aromatic	Nonpolar
p.Ala356Val	Nonpolar	Nonpolar
p.Val337Phe	Nonpolar	Aromatic
p.Lys6Met	Basic	Nonpolar
p.Ile8Val	Nonpolar	Nonpolar
p.Asp183Asn	Acidic	Polar
p.Ala271Ser	Nonpolar	Polar
p.Ala166Gly	Nonpolar	Nonpolar
p.Ser61Pro	Polar	Nonpolar
p.Ile79Leu	Nonpolar	Nonpolar
p.Cys203Tyr	Polar	Aromatic
p.His710Asp	Basic	Acidic
p.Ala808Thr	Nonpolar	Polar
p.Leu10Met	Nonpolar	Nonpolar
p.Pro177Gln	Nonpolar	Polar
p.Met84Leu	Nonpolar	Nonpolar
p.His106Tyr	Basic	Aromatic
p.Arg71Leu	Basic	Nonpolar
p.Glu326Lys	Acidic	Basic
p.Met49Ile	Nonpolar	Nonpolar
p.Arg237Cys	Basic	Polar
p.Asp124Asn	Acidic	Polar
p.Val260Ala	Nonpolar	Nonpolar
p.Gly25Asp	Nonpolar	Acidic
p.Val22Phe	Nonpolar	Aromatic
p.Ala474Val	Nonpolar	Nonpolar
p.Leu470Ile	Nonpolar	Nonpolar
p.Arg255Leu	Basic	Nonpolar
p.Val217Phe	Nonpolar	Aromatic
p.Arg19Ser	Basic	Polar
p.Arg347Trp	Basic	Aromatic
p.Asn201Lys	Polar	Basic
p.Glu234Gly	Acidic	Nonpolar
p.Lys664Met	Basic	Nonpolar
p.Glu160Asp	Acidic	Acidic
p.Gly148Cys	Nonpolar	Polar
p.Met153Thr	Nonpolar	Polar
p.Gln150His	Polar	Basic
p.Leu368Gln	Nonpolar	Polar
p.Tyr212Phe	Aromatic	Aromatic
p.Val444Glu	Nonpolar	Acidic
p.Gln367Lys	Polar	Basic
p.Arg369Leu	Basic	Nonpolar
p.Val3Leu	Nonpolar	Nonpolar
p.Arg127Leu	Basic	Nonpolar
p.Asp109Val	Acidic	Nonpolar
p.Ala254Val	Nonpolar	Nonpolar
p.Ala177Thr	Nonpolar	Polar
p.Gly477Asp	Nonpolar	Acidic
p.Glu89Gly	Acidic	Nonpolar
p.Val31Ala	Nonpolar	Nonpolar
p.Ala206Thr	Nonpolar	Polar
p.Ala394Val	Nonpolar	Nonpolar
p.Asp170Glu	Acidic	Acidic
p.Leu157Phe	Nonpolar	Aromatic
p.Ala40Val	Nonpolar	Nonpolar
p.Gly382Ser	Nonpolar	Polar
p.Tyr322His	Aromatic	Basic
p.Asp292Tyr	Acidic	Aromatic
p.Ile205Asn	Nonpolar	Polar
p.Ala200Val	Nonpolar	Nonpolar
p.Arg76His	Basic	Basic
p.Ala290Ser	Nonpolar	Polar
p.Pro122Ser	Nonpolar	Polar
p.Asn124Asp	Polar	Acidic
p.Leu2Ser	Nonpolar	Polar
p.Lys11Asn	Basic	Polar
p.Gly502Asp	Nonpolar	Acidic
p.Gln84Lys	Polar	Basic
p.Asn69Thr	Polar	Polar
p.Gly22Ser	Nonpolar	Polar
p.Ile88Val	Nonpolar	Nonpolar
p.Val415Ile	Nonpolar	Nonpolar
p.Gly89Glu	Nonpolar	Acidic
p.Leu578Pro	Nonpolar	Nonpolar
p.Arg66Pro	Basic	Nonpolar
p.Glu4Ala	Acidic	Nonpolar
p.Asp166Tyr	Acidic	Aromatic
p.Arg211His	Basic	Basic
p.Asn116Asp	Polar	Acidic
p.Pro604Arg	Nonpolar	Basic
p.Phe173Tyr	Aromatic	Aromatic
p.Tyr133Cys	Aromatic	Polar
p.Ala467Ser	Nonpolar	Polar
p.Tyr111His	Aromatic	Basic
p.Arg155Cys	Basic	Polar
p.His7Arg	Basic	Basic
p.Ser45Tyr	Polar	Aromatic
p.Met153Val	Nonpolar	Nonpolar
p.Ala121Val	Nonpolar	Nonpolar
p.Val4Ile	Nonpolar	Nonpolar
p.Ser160Cys	Polar	Polar
p.Ala274Thr	Nonpolar	Polar
p.Leu408Met	Nonpolar	Nonpolar
p.Ala57Glu	Nonpolar	Acidic
p.Lys1200Glu	Basic	Acidic
p.Asp29Val	Acidic	Nonpolar
p.Trp17Arg	Aromatic	Basic
p.Gly173Arg	Nonpolar	Basic
p.Leu50Phe	Nonpolar	Aromatic
p.Lys6Ile	Basic	Nonpolar
p.Ala105Gly	Nonpolar	Nonpolar
p.Ser28Ile	Polar	Nonpolar
p.Trp328Cys	Aromatic	Polar
p.Gln120His	Polar	Basic
p.Phe249Tyr	Aromatic	Aromatic
p.Gly112Trp	Nonpolar	Aromatic
p.Glu144Lys	Acidic	Basic
